--==========================
--fichier            : modele_insertion_portPlaisance.sql
--base               : port plaisance
--auteur(s)          : Tania OLIVIA
--date               : 01/02/2020
--role               : Insérer un nuplet dans chacune des relations de la base de donnée
--projet             : port plaisance
--resultat dans      :  // à renseigner si nécessaire
--==========================


-- INSERTION BATEAU_PASSAGE
INSERT  INTO PORT (CODPORT, VILLE, CODPOSTAL)
VALUES ('AA', 'LA ROCHELLE', 17000);

INSERT  INTO MODELE (ID_MOD, CODMOD, CONSTRUCT, LONGR, LARG, TIRANT)
VALUES ('1', 'FFFFF', 'Jontare', 20.33, 12.43, 45.77);

INSERT  INTO TYPE_EMPLACEMENT (TYPE_EMPL, LONGR, LARG, PROFOND)
VALUES ('1', 20.33, 12.43, 12.32);

INSERT  INTO EMPLACEMENT (ID_EMPL, BASSIN, PONTON, EMPLNO, TYPE_EMPL)
VALUES ('1', 'Gorgey', 'G', 1, 1);

INSERT  INTO BATEAU_PASSAGE (ID_BATPASS, CODPORT, NOMBAT, ARV, DEPART, ID_MOD, NOMPROP, TEL_PORTABLE, ADRESSE, EMPL_AFF)
VALUES ('1', 'AA', 'HIONY', TO_DATE('12/10/2007', 'DD/MM/YYYY'), TO_DATE('15/10/2007', 'DD/MM/YYYY') , '1', 'Jean', 0713452311, '27 RUE DU CORDOUAN', 1 );


--INSERTION BATEAU_RESIDENT
INSERT  INTO PORT (CODPORT, VILLE, CODPOSTAL)
VALUES ('BB', 'LA ROCHELLE', 17000);

INSERT  INTO MODELE (ID_MOD, CODMOD, CONSTRUCT, LONGR, LARG, TIRANT)
VALUES ('2', 'GGGGG', 'Hoin', 20.34, 91.53, 41.43);

INSERT  INTO TYPE_EMPLACEMENT (TYPE_EMPL, LONGR, LARG, PROFOND)
VALUES ('2', 20.34, 91.53, 13.11);

INSERT  INTO EMPLACEMENT (ID_EMPL, BASSIN, PONTON, EMPLNO, TYPE_EMPL)
VALUES ('2', 'TINS', 'T', 2, 2);

INSERT  INTO PROPRIETAIRE (ID_PROP, NOMPROP, ADRESSE, VILLE, CODPOSTAL, TEL_PORTABLE)
VALUES ('1',  'Yune', '24 RUE DE NERVEGE','LA ROCHELLE', 17000, 0713452312);

INSERT  INTO BATEAU_RESIDENT (ID_BATRES, CODPORT, NOMBAT, ID_MOD, EMPL_AFF, ID_PROP)
VALUES ('1', 'BB', 'ONNI', '2', 2, '1' );



-- INSERTION EMPLACEMENT
INSERT  INTO TYPE_EMPLACEMENT (TYPE_EMPL, LONGR, LARG, PROFOND)
VALUES ('3', 21.34, 71.53, 43.11);

INSERT  INTO EMPLACEMENT (ID_EMPL, BASSIN, PONTON, EMPLNO, TYPE_EMPL)
VALUES ('3', 'Urey', 'U', 2, 3);



-- INSERTION SORTIE
INSERT  INTO PORT (CODPORT, VILLE, CODPOSTAL)
VALUES ('CC', 'LA ROCHELLE', 17000);

INSERT  INTO MODELE (ID_MOD, CODMOD, CONSTRUCT, LONGR, LARG, TIRANT)
VALUES ('3', 'HHHHH', 'Benny', 49.33, 45.43, 12.77);

INSERT  INTO TYPE_EMPLACEMENT (TYPE_EMPL, LONGR, LARG, PROFOND)
VALUES ('4', 49.33, 45.43, 54.32);

INSERT  INTO EMPLACEMENT (ID_EMPL, BASSIN, PONTON, EMPLNO, TYPE_EMPL)
VALUES ('4', 'Jenni', 'J', 3, 4);

INSERT  INTO PROPRIETAIRE (ID_PROP, NOMPROP, ADRESSE, VILLE, CODPOSTAL, TEL_PORTABLE)
VALUES ('2', 'Jenue', '24 RUE DE NERVEGE','LA ROCHELLE', 17000, 0713452312);

INSERT  INTO BATEAU_RESIDENT (ID_BATRES, CODPORT, NOMBAT, ID_MOD, EMPL_AFF, ID_PROP)
VALUES ('2', 'CC', 'KONY', '3', 3, '2' );

INSERT  INTO SORTIE (ID_SORTIE, CODPORT, NOMBAT, DATSORT, DATRET, EFF_PRV)
VALUES ('1', 'CC', 'KONY',  TO_DATE('12/12/2007', 'DD/MM/YYYY'),  TO_DATE('22/12/2007', 'DD/MM/YYYY'), 'PRV');


